first_name,middle_name,last_name,email,phone_number,city,country,province_or_state,house_number,street_name
0,Cesar,Emilio,Sekhon,queen798@service.com,6318094257,Missasauga,USSR,Ontario,41,34 St
1,Ehecatl,Emilio,Choolhon,queen037@service.com,1359278604,Mexico City,Canada,California,10,Verdugo St
2,Chris,Villa,Guzman,sars690@service.com,1023679854,Tizatlan,Russia,Baja California,98,Calle Escuadron 301
3,Andrew,Evgueni,Mika,quetzal975@service.com,2165087439,Tizatlan,United States,Baja California,47,67 St
4,Chris,Arango,Mika,queen937@service.com,1036872459,New York,Spain,Ontario,66,Prolongacion Popocatepetl
5,Cesar,Roberto,Sekhon,sars913@service.com,6092843715,White Plains,USSR,Oaxaca,7,67 St
6,Anne, ,D'souza,quarantinegal957@service.com,9538421760,Texcoco,Russia,Quebec,53,Calle Escuadron 301
7,Ehecatl,Tonatiuh,D'souza,elote536@service.com,4709852316,Tizatlan,Colombia,Ontario,42,Connect St
8,Savy, ,Hernandez,chachalaca273@service.com,0479615238,Mexico City,Japan,Tlaxcala,20,Laurier Avenue West
9,Jason,Santana,Li,quetzal081@service.com,3956142870,New York,Brazil,Alberta,92,Avenida Tecolote
10,Sandy,Samantha,D'souza,chachalaca431@service.com,7524361809,Cafe Pisado,Ukraine,Ontario,20,34 St
11,Ehecatl,Roberto,Eufracio,elote684@service.com,2957163084,Tizatlan,Brazil,Alberta,69,Calle Escuadron 301
12,Lev ,Doroteo,Wedia,elote254@service.com,1789463520,Mazunte,Colombia,Alberta,88,Connect St
13,Omer,Emiliano,Guzman,user276@service.com,8625791043,White Plains,Spain,Chihuahua,54,Exodus Avenue
14,Rebeca,Colibri,Wu,tlatoani394@service.com,6971238405,Hamilton,Indonesia,Texas,14,Sauna St
15,David,Yuri,Abubaker,belmont610@service.com,1469083257,Texcoco,Belorussia,Tlaxcala,9,Calle Conejo
16,Sam,Santana,Wedia,queen097@service.com,8469213570,Toronto,Indonesia,Sonora,3,Laurier Avenue East
17,Melissa,Chavez,Sekhon,mersh1n1401@service.com,4783102695,White Plains,Canada,New Jersey,89,Bank St
18,Andrew,Samantha,Bundhoo,quarantineboi971@service.com,2516473980,Tlaxcala,Colombia,Baja California,70,Avenida Tecolote
19,Savy,Roberto,Eufracio,postgres976@service.com,1083759246,Ottawa,Spain,Oaxaca,13,Grand Avenue
20,Anne,Villa,Mika,alucard721@service.com,8640529731,Herst,Canada,Ontario,49,Exodus Avenue
21,David,Yuri,Abubaker,elote918@service.com,2657403198,Missasauga,China,Oaxaca,59,Main St
22,Camron,Yuri,Mika,h5n1250@service.com,9347625108,White Plains,Colombia,Tlaxcala,99,34 St
23,Cesar,Roberto,Mika,sars941@service.com,7256948301,Tlaxcala,United States,New Jersey,70,Grand Avenue
24,Lev ,Yuri,Branco,quarantinegal512@service.com,5634197028,Oaxaca,Belorussia,California,1,Main St
25,Monica,Samantha,Bundhoo,quarantinegal730@service.com,1853247096,Mazatlan,Peru,Mexico,57,Sauna St
26,Sam,Emilio,Aparicio,alucard976@service.com,7912643850,Tlaxcala,Spain,Chihuahua,84,Avenida Tecolote
27,Ehecatl,Tonatiuh,Branco,quetzal942@service.com,2704581369,Nezahualcoyotl,United States,Baja California,82,Laurier Avenue West
28,Parth,Roberto,Li,tlatoani836@service.com,5672093481,Halifax,Bolivia,New Mexico,3,Grand Avenue
29,Monica,Villa,Eufracio,postgres302@service.com,5049316287,Cafe Pisado,Bolivia,Quebec,82,Exodus Avenue
30,Sam,Evgueni,Mika,quetzal986@service.com,7563182904,New York,China,Tamaulipas,66,Avenida Tecolote
31,Monica,Lenin,Pochapsky,balam584@service.com,0512497638,New York,Portugal,Chihuahua,22,Connect St
32,David,Colibri,Branco,queen980@service.com,6201957834,Hamilton,Tenochtitlan,Chihuahua,71,Grand Avenue
33,Parth,Evgueni,Sekhon,mersh1n1509@service.com,0468973215,Mazatlan,Belorussia,Nova Scotia,42,Main St
34,Monica,Tonatiuh,Zarepour,alucard971@service.com,9356708124,Ottawa,Brazil,Nunavut,25,Laurier Avenue East
35,Omer,Roberto,Mika,postgres053@service.com,2590613874,Texcoco,Spain,California,32,Sauna St
36,Camron, ,Bundhoo,elote413@service.com,5470632891,Toronto,United States,Alberta,89,Laurier Avenue East
37,Parth,Chavez,Sekhon,mersh1n1635@service.com,4139267085,Toronto,Spain,Nunavut,9,Main St
38,Lev ,Santana,Branco,alucard715@service.com,9524760183,New York,Belorussia,Ciudad de Mexico,64,Main St
39,Ehecatl,Yuri,D'souza,tlatoani865@service.com,0736298514,Mexico City,USSR,California,47,67 St
40,Monica,Colibri,Abubaker,balam541@service.com,1697482053,New York,Indonesia,Mexico,45,34 St
41,Monica,Emiliano,Sekhon,user134@service.com,0253918746,Mazunte,USSR,Mexico,99,67 St
42,Parth, ,D'souza,queen308@service.com,6491780352,Mazunte,Japan,Ontario,89,Main St
43,Anne,Chavez,Abubaker,queen720@service.com,8245976310,Cafe Pisado,Brazil,Mexico,47,Connect St
44,Sandy,Evgueni,Aparicio,quarantineboi318@service.com,4750389162,Tizatlan,USSR,California,53,Sauna St
45,Rebeca,Evgueni,Wu,mersh1n1294@service.com,7405618239,Tizatlan,Bolivia,Texas,18,Calle Escuadron 301
46,Ehecatl,Arango,Sekhon,elote681@service.com,8506734291,Nezahualcoyotl,Tenochtitlan,Nunavut,92,Laurier Avenue East
47,Monica,Colibri,Branco,mersh1n1581@service.com,0438976512,Mazunte,Belorussia,Mexico,2,Calle Escuadron 301
48,Sandy,Lenin,Li,quetzal907@service.com,4028517369,Herst,Ukraine,Sonora,73,34 St
49,Cesar, ,Hernandez,mersh1n1613@service.com,6780243519,White Plains,Canada,California,34,Laurier Avenue West
50,Monica,Arango,D'souza,king759@service.com,4937102586,Oaxaca,Colombia,Nunavut,81,Prolongacion Popocatepetl
51,Anne,Roberto,Wu,quarantinegal861@service.com,3275180496,Tizatlan,Indonesia,California,68,Calzada de los Muertos
52,Ehecatl,Gutierrez,Branco,chachalaca283@service.com,0497215386,New York,Canada,New Mexico,11,Sauna St
53,Parth,Lenin,Wedia,king870@service.com,1857934206,White Plains,United States,Tlaxcala,51,Avenida Tecolote
54,Sandy,Chavez,Sekhon,belmont710@service.com,7426518390,Nezahualcoyotl,Japan,Tamaulipas,54,67 St
55,Melissa,Villa,Branco,sars371@service.com,8651072943,White Plains,Bolivia,New Jersey,61,Calle Conejo
56,David, ,Choolhon,quarantinegal034@service.com,7840916352,Tizatlan,Peru,Baja California,65,Sauna St
57,Lev ,Villa,Mika,balam580@service.com,5361089472,Hamilton,Mexico,Tlaxcala,97,Grand Avenue
58,Cesar,Santana,Zarepour,mersh1n1741@service.com,8374192605,Halifax,Mexico,California,86,Calzada de los Muertos
59,Sandy,Doroteo,Bengali,combo258@service.com,2819506347,Toronto,China,Texas,5,67 St
60,Melissa,Emilio,Sekhon,quarantinegal257@service.com,1735408296,Ottawa,Peru,Nunavut,53,Calzada de los Muertos
61,Parth,Tonatiuh,Branco,mersh1n1217@service.com,0351642978,Mexico City,Russia,Tlaxcala,71,Prolongacion Popocatepetl
62,Monica,Gutierrez,Choolhon,alucard128@service.com,2801743659,Mazatlan,Peru,New Jersey,36,Calle Escuadron 301
63,Rebeca,Chavez,Choolhon,quarantineboi847@service.com,5601498237,Ottawa,Spain,Sonora,98,67 St
64,Monica,Villa,Wedia,user927@service.com,4706213958,Tlaxcala,China,California,73,Prolongacion Popocatepetl
65,Sandy,Emiliano,Guzman,postgres215@service.com,2479635180,Mexico City,Ukraine,New Mexico,6,Bank St
66,Chris,Emiliano,Branco,quarantineboi234@service.com,1392450678,Herst,Peru,Tamaulipas,40,Calle Conejo
67,Sam,Santana,Hernandez,tlatoani740@service.com,2598473160,Texcoco,Brazil,Nunavut,26,Calle Conejo
68,Cesar, ,Abubaker,quetzal240@service.com,3278601549,Missasauga,Colombia,Alberta,72,34 St
69,Lev ,Colibri,Bengali,quarantineboi679@service.com,7981246530,Hamilton,China,California,99,Laurier Avenue East
70,Omer,Samantha,Li,chachalaca638@service.com,5904372861,Mazunte,Russia,Oaxaca,19,34 St
71,David,Madero,Hernandez,quetzal497@service.com,8960437512,Oaxaca,Japan,Tlaxcala,15,67 St
72,Ehecatl,Madero,Sekhon,quarantineboi075@service.com,0452983671,Mazunte,Belorussia,Tlaxcala,31,Laurier Avenue East
73,David,Emilio,Mika,tlatoani984@service.com,9043182567,White Plains,Bolivia,Texas,98,67 St
74,Jason,Doroteo,D'souza,tlatoani437@service.com,3405187926,Tizatlan,Tenochtitlan,Tlaxcala,88,Prolongacion Popocatepetl
75,Sandy,Roberto,Wu,alucard917@service.com,1253480796,Halifax,Canada,Quebec,82,Calzada de los Muertos
76,Savy,Santana,Branco,tlatoani907@service.com,3872940156,Tlaxcala,Peru,Sonora,54,Calle Conejo
77,Sandy,Chavez,Bundhoo,chachalaca290@service.com,2381046957,Mexico City,United States,Texas,30,Calle Escuadron 301
78,Omer,Emilio,Guzman,quarantineboi893@service.com,2603489157,Halifax,Bolivia,New Jersey,41,Prolongacion Popocatepetl
79,Andrew,Emilio,Abubaker,chachalaca375@service.com,8641723509,Tlaxcala,Russia,Tlaxcala,90,Prolongacion Popocatepetl
80,Melissa,Emilio,Zarepour,queen260@service.com,1730842596,Missasauga,Mexico,Chihuahua,17,67 St
81,Jason,Yuri,Wu,belmont856@service.com,6348520197,White Plains,Belorussia,Oaxaca,60,Elign St
82,Sam,Chavez,Sekhon,sars137@service.com,2870941653,New York,USSR,Ontario,87,Main St
83,Sandy,Villa,D'souza,quarantinegal067@service.com,5367281490,Herst,Mexico,Tlaxcala,94,Laurier Avenue East
84,Monica, ,Abubaker,quarantinegal378@service.com,0784615293,Herst,Brazil,Quebec,13,Sauna St
85,Savy,Roberto,Wedia,h5n1816@service.com,3821765490,Tlaxcala,China,Alberta,5,Bank St
86,Monica,Yuri,Bundhoo,mersh1n1681@service.com,7896123450,Hamilton,Ukraine,Tlaxcala,45,Calzada de los Muertos
87,Parth,Evgueni,Eufracio,quetzal205@service.com,5647398012,Cafe Pisado,Indonesia,Ontario,12,Connect St
88,Cesar,Gutierrez,Wedia,elote618@service.com,9078512346,Nezahualcoyotl,Brazil,Nova Scotia,18,Exodus Avenue
89,Sandy,Evgueni,Bengali,alucard912@service.com,3614879025,Tlaxcala,Russia,New Mexico,18,Calle Escuadron 301
90,Lev ,Chavez,Abubaker,alucard301@service.com,2478301965,Tizatlan,Japan,Tlaxcala,57,Exodus Avenue
91,Monica,Arango,Abubaker,user315@service.com,4675912830,Hamilton,Russia,Nunavut,66,67 St
92,Ehecatl,Gutierrez,Hernandez,belmont460@service.com,3759016248,Tizatlan,Indonesia,Nunavut,36,Laurier Avenue West
93,Sandy,Samantha,Guzman,elote195@service.com,2314806975,New York,Colombia,Tamaulipas,61,67 St
94,Sandy,Roberto,Wu,queen614@service.com,9163054278,Toronto,Bolivia,Quebec,29,Main St
95,Lev ,Madero,Abubaker,king418@service.com,8029574163,Halifax,United States,Nova Scotia,64,Grand Avenue
96,Savy,Emilio,Branco,balam764@service.com,8061379425,Hamilton,Peru,California,82,Laurier Avenue East
97,David,Villa,Aparicio,queen215@service.com,7698254301,Hamilton,Colombia,Nunavut,73,34 St
98,Anne,Yuri,Branco,quetzal637@service.com,3760194582,Mexico City,Tenochtitlan,New Jersey,86,Avenida Tecolote
99,David,Tonatiuh,Hernandez,alucard289@service.com,8465109732,Mazunte,Belorussia,New Mexico,2,34 St
